[
  {
    "id": 1,
    "assetUrl": "assets/images/cute-kitten-4k-im-unsplash.jpeg",
    "location": "Cairo, Egypt",
      "photographer": "Ossama Akram",
    "published": "1999-01-10",
    "description": "I took this image at midnight in a pitch black forest. The light coming from street lights illuminated the trees through the mist and created a dreamy scene. Find me on Instagram @niiloi"
  },
  {
    "id": 2,
    "assetUrl": "assets/images/kuteee.jpeg",
    "location": "London, UK",
    "photographer": "Ossama Akram bardo",
    "published": "2017-04-10"
  },
  {
    "id": 3,
    "assetUrl": "assets/images/meaow.jpeg",
    "location": "3nd Omak",
    "photographer": "Guess who ? it's Ossama Akram",
    "published": "2022-5-01"
  }
]