{
  "your_name": {
    "en": "your Name",
    "de": "dein Name"
  },
  "compose": {
    "en": "compose",
    "de": "erstellen"
  },
  "okay": {
    "en": "okay",
    "de": "okay"
  },
  "thats_me": {
    "en": "That's me",
    "de": "Das bin ich"
  },
  "what_shall_we_call_you": {
    "en": "What shall we call you?",
    "de": "Wie sollen wir dich nennen?"
  },
  "your_data_is_safe": {
    "en": "Your data is safe",
    "de": "Deine Daten sind sicher"
  },
  "offline_app_description": {
    "en": "This app only stores your data on your device.\n\nWe nor any other third party are able to access your private data.",
    "de": "Diese App speichert deine Daten nur auf deinem Geräte. Weder wir noch Dritte können auf deine privaten Daten zugreifen."
  },
  "confirm_your_age": {
    "en": "Confirm your Age",
    "de": "Alter bestätigen"
  },
  "confirm_your_age_subtitle": {
    "en": "Are you 13 years old or older?",
    "de": "Bist du 13 Jahre alt oder älter?"
  },
  "your_age": {
    "en": "your age",
    "de": "dein Alter"
  },
  "set_age": {
    "en": "set",
    "de": "wählen"
  },
  "submit": {
    "en": "submit",
    "de": "bestätigen"
  },
  "invalid_age_text": {
    "en": "Seems like you are not old enough to use this app. Please check if input is correct.",
    "de": "Es sieht so aus, dass du nicht alt genug bist, um diese App zu nutzen. Bitte bestätige, dass deine Eingabe korrekt ist."
  },
  "valid": {
    "en": "Valid",
    "de": "Gültig"
  },
  "choose_date": {
    "en": "Choose date",
    "de": "Datum wählen"
  },
  "no_entries_found": {
    "en": "No entires found",
    "de": "Keine Einträge"
  },
  "create_first_entry_descr": {
    "en": "There are no entries available. Do you want to create your first entry now?",
    "de": "Es sind keine Einträge verfügbar. Möchtest du jetzt deinen ersten Eintrag erstellen?"
  },
  "create": {
    "en": "create",
    "de": "erstellen"
  },
  "create_entry": {
    "en": "Create Entry",
    "de": "Eintrag erstellen"
  },
  "existing_entry_today_descr": {
    "en": "There already is a entry for today.",
    "de": "Für heute gibt es bereits einen Eintrag."
  },
  "existing_entry_selected_day_descr": {
    "en": "There already is a entry for your selected day.",
    "de": "Für diesen Tag gibt es bereits einen Eintrag."
  },
  "for_today": {
    "en": "For today",
    "de": "Für heute erstellen"
  },
  "for_previous_day": {
    "en": "For a previous day",
    "de": "Für einen anderen Tag"
  },
  "add_diary_entry": {
    "en": "Add a diary entry",
    "de": "Tagebucheintrag erstellen"
  },
  "future_days_not_allowed_descr": {
    "en": "Future dates are not allowed",
    "de": "Zukünftige Tage sind nicht möglich"
  },
  "date_not_included_descr": {
    "en": "Date not included in current month",
    "de": "Tag außerhalb des Monats"
  },
  "untitled": {
    "en": "Untitled",
    "de": "Ohne Titel"
  },
  "entry": {
    "en": "Entry",
    "de": "Eintrag"
  },
  "entires": {
    "en": "entries",
    "de": "Einträge"
  },
  "favorite": {
    "en": "favorite",
    "de": "lieblings"
  },
  "latest": {
    "en": "latest",
    "de": "aktuell"
  },
  "first": {
    "en": "first",
    "de": "erster"
  },
  "edit": {
    "en": "edit",
    "de": "bearbeiten"
  },
  "your_mood_was": {
    "en": "Your mood was:",
    "de": "Deine Stimmung war:"
  },
  "entry_is_empty": {
    "en": "This diary entry is empty.",
    "de": "Dieser Tagebucheintrag ist leer."
  },
  "entry_is_empty_descr": {
    "en": "Edit your diary entry by tapping on the pencil icon.",
    "de": "Bearbeite deinen Tagebucheintrag durch Drücken auf den Bearbeiten-Knopf oben rechts."
  },
  "options": {
    "en": "Options",
    "de": "Optionen"
  },
  "delete": {
    "en": "delete",
    "de": "entfernen"
  },
  "bad": {
    "en": "bad",
    "de": "schlecht"
  },
  "good": {
    "en": "good",
    "de": "gut"
  },
  "alright": {
    "en": "alright",
    "de": "in Ordnung"
  },
  "no_favorites_available": {
    "en": "No favorites available",
    "de": "Keine Favoriten verfügbar"
  },
  "no_favorites_available_descr": {
    "en": "Add an entry to your favorites on your diary entry.",
    "de": "Auf der Lese-Ansicht kannst du Tagebucheinträge zu deinen Lieblingseinträge hinzufügen."
  },
  "all": {
    "en": "all",
    "de": "alle"
  },
  "previous": {
    "en": "previous",
    "de": "zurück"
  },
  "next": {
    "en": "next",
    "de": "vor"
  },
  "choose_photo": {
    "en": "Choose a Photo",
    "de": "Wähle ein Foto"
  },
  "selected": {
    "en": "selected",
    "de": "ausgewählt"
  },
  "details": {
    "en": "Details",
    "de": "Details"
  },
  "creator": {
    "en": "Creator",
    "de": "Ersteller"
  },
  "location": {
    "en": "Location",
    "de": "Ort"
  },
  "published": {
    "en": "published",
    "de": "veröffentlicht"
  },
  "backdrop_photo_descr": {
    "en": "What the creator is telling us about this photo:",
    "de": "Was der Ersteller uns über das Foto erzählt:"
  },
  "how_are_you_today": {
    "en": "How are you today?",
    "de": "Wie geht's dir heute?"
  },
  "welcome_back": {
    "en": "Welcome back",
    "de": "Willkommen zurück"
  },
  "diary_created": {
    "en": "Diary created",
    "de": "Tagebuch erstellt"
  },
  "change_name": {
    "en": "change name",
    "de": "Namen ändern"
  },
  "change_your_name": {
    "en": "Change your name",
    "de": "Deinen Namen ändern"
  },
  "statistics": {
    "en": "Statistics",
    "de": "Statistik"
  },
  "diary_entires": {
    "en": "Diary entries",
    "de": "Tagebucheinträge"
  },
  "words_written": {
    "en": "Words written",
    "de": "Verfasste Wörter"
  },
  "words_per_entry": {
    "en": "Words per entry",
    "de": "Wörter pro Eintrag"
  },
  "most_words_at_once": {
    "en": "Most words at once",
    "de": "Meiste Wörter zugleich"
  },
  "fewest_words_at_once": {
    "en": "Fewest words at once",
    "de": "Wenigste Wörter zugleich"
  },
  "entries_this_week": {
    "en": "Entries this week",
    "de": "Einträge diese Woche"
  },
  "enties_this_month": {
    "en": "Entries this month",
    "de": "Einträge diesen Monat"
  },
  "latest_entry": {
    "en": "Latest entry",
    "de": "Letzter Eintrag"
  },
  "first_entry": {
    "en": "First Entry",
    "de": "Erster Eintrag"
  },
  "settings": {
    "en": "Settings",
    "de": "Optionen"
  },
  "show_onboarding_button_label": {
    "en": "Start Tour",
    "de": "Rundgang starten"
  },
  "about_this_app": {
    "en": "About this app",
    "de": "Über diese App"
  },
  "your_own_personal_diary": {
    "en": "Your own personal diary.",
    "de": "Dein eigenes, persönliches Tagebuch."
  },
  "view_privacy": {
    "en": "View Privacy",
    "de": "Privatsphäre"
  },
  "delete_all_data": {
    "en": "Delete all data",
    "de": "Alle Daten entfernen"
  },
  "delete_all_data_descr": {
    "en": "To delete all your data including your diary and other user specific data, simply uninstall this app.",
    "de": "Um alle Daten dieser App inklusive deiner Benutzerdaten zu löschen, deinstalliere einfach diese App von deinem Gerät."
  },
  "credits": {
    "en": "Credits",
    "de": "Mitwirkende"
  },
  "cancel": {
    "en": "cancel",
    "de": "abbrechen"
  },
  "apply": {
    "en": "apply",
    "de": "anwenden"
  },
  "unsaved_bookmark_descr": {
    "en": "There have been changes made to your bookmark.",
    "de": "Es gibt ungespeicherte Änderungen an deinem Lesezeichen."
  },
  "unsaved_entry_descr": {
    "en": "There have been changes made to your bookmark.",
    "de": "Es gibt ungespeicherte Änderungen an deinem Tagebucheintrag."
  },
  "unsaved": {
    "en": "Unsaved",
    "de": "Ungespeichert"
  },
  "discard": {
    "en": "discard",
    "de": "verwerfen"
  },
  "discard_changes": {
    "en": "Do you want to discard your changes?",
    "de": "Möchtest du diese Änderungen verwerfen?"
  },
  "color_already_exists": {
    "en": "This color does already exist.",
    "de": "Diese Farbe existiert bereits."
  },
  "dotted": {
    "en": "Dotted",
    "de": "Punkte"
  },
  "striped": {
    "en": "Striped",
    "de": "Streifen"
  },
  "main_color": {
    "en": "Main Color",
    "de": "Hauptfarbe"
  },
  "accent_color": {
    "en": "Accent Color",
    "de": "Akzentfarbe"
  },
  "quote": {
    "en": "Quote",
    "de": "Zitat"
  },
  "by": {
    "en": "by",
    "de": "von"
  },
  "more": {
    "en": "more",
    "de": "mehr"
  },
  "less": {
    "en": "less",
    "de": "weniger"
  },
  "reset": {
    "en": "reset",
    "de": "neu"
  },
  "introduction": {
    "en": "Introduction",
    "de": "Einführung"
  },
  "organize": {
    "en": "Organize",
    "de": "Ordne"
  },
  "browse_diary_title": {
    "en": "Browse through your diary",
    "de": "Überblicke dein Tagebuch"
  },
  "browse_diary_descr": {
    "en": "My Diary offers you your own personal diary. You can browse through all your diary entries and organize your writings.",
    "de": "My Diary Of Me bietet dir dein eigenes, persönliches Tagebuch. Überblicke und stöbere durch deine Einträge."
  },
  "relive": {
    "en": "Relive",
    "de": "Wiedererlebe"
  },
  "read_your_diary_entries_title": {
    "en": "Read your diary entries",
    "de": "Lies deine Einträge"
  },
  "read_your_diary_entries_descr": {
    "en": "Tap on one of the entires on your diary in order to read an entry and to relive your memories.",
    "de": "Tippe auf einen deiner Einträge in der Tagebuch-List, um einen Eintrag zu lesen und um deine Erinnerungen wiederzuerwecken."
  },
  "personalize": {
    "en": "Personalize",
    "de": "Personalisiere"
  },
  "customize_bookmark_title": {
    "en": "Customize your bookmark",
    "de": "Passe dein Lesezeichen an"
  },
  "customize_bookmark_descr": {
    "en": "Can you see the bookmark on top of your diary? You can customize it. Go to your profile and tap on the pencil under your bookmark to edit it. Set your favorite color pallet and a nice pattern. Don't forget to save your changes!",
    "de": "Kannst du das Lesezeichen oben über deinem Tagebuch sehen? Diesen kannst du anpassen. Gehe hierfür zu deinem Profil und tippe auf das Stift-Symbol unter dem Lesezeichen. Bei der Bearbeitung kann du deine Lieblingsfarben auswählen und auch das Muster festlegen. Aber vergiss bitte nicht die Änderungen zu speichern!"
  },
  "privacy": {
    "en": "Privacy",
    "de": "Privatsphäre"
  },
  "privacy_descr": {
    "en": "My Diary's goal is to provide the most private experience available on mobile devices. Your data will always remain on your device. The creator of the app nor any third party will be able to view your content. There is no connection to the internet, all required data to use the app will be stored offline.",
    "de": "My Diary möchte dir die höchste Datenschutzsicherheit bieten. Deine Daten verbleiben nur auf deinem Gerät. Weder der Ersteller der App noch eine andere Person können auf deine Inhalte zugreifen. Es wird keine Übertragung über das Internet stattfinden, alle Daten bleiben offline."
  },
  "private": {
    "en": "private",
    "de": "privat"
  },
  "offline": {
    "en": "offline",
    "de": "offline"
  },
  "ux_design": {
    "en": "UX Design",
    "de": "UX Design"
  },
  "development": {
    "en": "Development",
    "de": "Entwicklung"
  },
  "photos": {
    "en": "Photos",
    "de": "Fotos"
  },
  "inspired_by": {
    "en": "Inspired by",
    "de": "Inspiriert durch"
  },
  "statistics_fallback_descr": {
    "en": "In order to show your statistics, you should have atleast one entry created.",
    "de": "Um deine Statistiken zu sehen, solltest du mindestens einen Eintrag erstellen."
  },
  "statistics_fallback_adv": {
    "en": "Go back to your diary to create your first entry.",
    "de": "Gehe zurück zu deinem Tagebuch, um deinen ersten Eintrag zu erstellen."
  },
  "delete_entry": {
    "en": "Delete Entry",
    "de": "Eintrag entfernen"
  },
  "delete_entry_descr": {
    "en": "Do you want to delete your diary entry?",
    "de": "Möchtest du deinen Tagebucheintrag wirklich entfernen?"
  },
  "pick_a_color": {
    "en": "Pick a Color",
    "de": "Farbe auswählen"
  },
  "color_is_transparent": {
    "en": "Color is fully transparent",
    "de": "Farbe ist transparent"
  },
  "average_mood": {
    "en": "Average Mood",
    "de": "Durchschnittliche Stimmung"
  },
  "manage_backup": {
    "en": "Manage Backup",
    "de": "Backup verwalten"
  },
  "loading_backup": {
    "en": "Loading Backup",
    "de": "Backup wird geladen"
  },
  "no_backup_found": {
    "en": "No Backup found",
    "de": "Kein Backup gefunden"
  },
  "backup_now": {
    "en": "Backup now",
    "de": "Jetzt sichern"
  },
  "backup_now_short": {
    "en": "Backup",
    "de": "Sichern"
  },
  "no_backup_title": {
    "en": "We did not find any backups.",
    "de": "Wir haben keine Backups gefunden."
  },
  "no_backup_descr": {
    "en": "Backup your diary to prevent possible data loss.",
    "de": "Sichere dein Tagebuch, um einen Datenverlust zu vermeiden."
  },
  "general_backup_descr": {
    "en": "Backups help you to restore your diary after you deleted this app.",
    "de": "Backups ermöglichen das Wiederherstellen deines Tagebuchs, auch nachdem du diese App entfernt hast."
  },
  "last_backup": {
    "en": "Last Backup",
    "de": "Letzte Sicherung"
  },
  "up_to_date": {
    "en": "Up to date",
    "de": "Aktuell"
  },
  "up_to_date_descr": {
    "en": "Your backup is up-to-date!",
    "de": "Dein Backup ist aktuell!"
  },
  "not_up_to_date_descr": {
    "en": "Your backup is older than two days. We recommend to backup your diary regularly to prevent data loss.",
    "de": "Dein Backup ist älter als zwei Tage. Wir empfehlen dein Tagebuch regelmäßig zu sichern, um einen Datenverlust zu vermeiden."
  },
  "backup_your_diary": {
    "en": "Backup your diary",
    "de": "Sichere dein Tagebuch"
  },
  "installation_id": {
    "en": "Installation-ID",
    "de": "Installationsnummer"
  },
  "permissions_required": {
    "en": "Permissions required",
    "de": "Berechtigungen benötigt"
  },
  "permissions_required_descr": {
    "en": "This app requires additional permissions in order to backup your diary on your local device. Without these permissions accessing data on your device will not be possible. You can always remove these permissions on your device settings or by deleting this app. Please keep in mind, that your data is only stored locally.",
    "de": "Diese App benötigt zusätzliche Berechtigungen, um Backups deines Tagebuchs zu erstellen. Ohne diese Berechtigungen ist das Auslesen der Datein auf deinem Gerät nicht möglich. Du kannst jederzeit die Berechtigungen widerrufen. Hierfür kannst du die Berechtigungs-Verwaltung in deinen Geräte-Einstellungen aufrufen oder diese App deinstallieren. Bitte beachte, dass deine Daten nur lokal gespeichert werden."
  },
  "add_permissions": {
    "en": "Add Permissions",
    "de": "Berechtigungen hinzufügen"
  },
  "new_diary": {
    "en": "New Diary",
    "de": "Neues Tagebuch"
  },
  "create_new_diary": {
    "en": "Create new diary",
    "de": "Neues Tagebuch erstellen"
  },
  "cancel_restore_descr": {
    "en": "Do you want to create a new diary instead of restoring your previous one?",
    "de": "Möchtest du ein neues Tagebuch erstellen, anstelle dein vorheriges Tagebuch wiederherzustellen?"
  },
  "we_found_your_diary": {
    "en": "We found your diary",
    "de": "Wir haben dein Tagebuch gefunden"
  },
  "continue_label": {
    "en": "Continue",
    "de": "Fortfahren"
  },
  "continue_your_journey": {
    "en": "Continue your journey",
    "de": "Führe deine Reise fort"
  },
  "start_new_journey": {
    "en": "Start a new journey",
    "de": "Beginne eine neue Reise"
  },
  "diary": {
    "en": "diary",
    "de": "Tagebuch"
  },
  "last_updated": {
    "en": "Last updated",
    "de": "Zuletzt verändert"
  },
  "restore": {
    "en": "Restore",
    "de": "Wiederherstellen"
  },
  "restore_your_diary": {
    "en": "Restore your diary",
    "de": "Stelle dein Tagebuch wieder her"
  },
  "restore_from_backup": {
    "en": "Restore from backup",
    "de": "Von Backup wiederherstellen"
  },
  "restore_from_file": {
    "en": "Restore from file",
    "de": "Von Datei wiederherstellen"
  },
  "we_need_your_backup_file": {
    "en": "We need your backup file",
    "de": "Wir benötigen deine Backup Datei"
  },
  "pick_file_descr": {
    "en": "Please provide your 'My Diary' backup file. Backup files have a unique file name and are usually stored in your 'Download' folder on this location",
    "de": "Bitte stelle deine 'My Diary'-Backupdatei zur Verfügung. Backup-Datein haben einen eindeutigen Dateinamen und befinden sich üblicherweise in deinem 'Download'-Ordner unter folgendem Pfad"
  },
  "pick_file": {
    "en": "Pick file",
    "de": "Auswählen"
  },
  "select_your_backup": {
    "en": "Select your backup",
    "de": "Wähle dein Backup aus"
  },
  "reading_backup_denied": {
    "en": "Reading backup denied",
    "de": "Auslesen verweigert"
  },
  "reading_backup_denied_descr": {
    "en": "My Diary needs additional permissions in order to access your storage. This will be required to read your diary backup.",
    "de": "My Diary benötigt zusätzliche Rechte, um auf deinen Speicher zuzugreifen. Dies ist notwendig, damit Backup-Datein ausgelesen werden können."
  },
  "request_permissions": {
    "en": "Request permissions",
    "de": "Zulassen"
  },
  "this_file_is_not_supported": {
    "en": "This backup file is not supported.",
    "de": "Diese Datei wird nicht unterstützt."
  },
  "diary_of": {
    "en": "Diary of",
    "de": "Tagebuch von"
  },
  "select_main_color_label": {
    "en": "Select a main color",
    "de": "Wähle eine Hauptfarbe"
  },
  "select_accent_color_label": {
    "en": "Select an accent color",
    "de": "Wähle eine Akzentfarbe"
  },
  "quote_subtitle_label": {
    "en": "Express your favorite quote",
    "de": "Wähle dein Lieblingszitat"
  },
  "diary_entry_saved_descr": {
    "en": "Your diary entry has been saved.",
    "de": "Dein Tagebucheintrag wurde gespeichert."
  },
  "saved_label": {
    "en": "Saved",
    "de": "Gespeichert"
  }
}
